log_id,log_time,store_id,sku_id,current_stock,restock_threshold
1,2025-07-15 09:58:38.129426,1,SKU0001,25,10
2,2025-07-15 09:58:38.129426,1,SKU0002,18,10
3,2025-07-15 09:58:38.129426,1,SKU0003,93,10
4,2025-07-15 09:58:38.129426,1,SKU0004,78,10
5,2025-07-15 09:58:38.129426,1,SKU0005,5,10
6,2025-07-15 09:58:38.129426,1,SKU0006,23,10
7,2025-07-15 09:58:38.129426,1,SKU0007,83,10
8,2025-07-15 09:58:38.129426,1,SKU0008,6,10
9,2025-07-15 09:58:38.129426,1,SKU0009,48,10
10,2025-07-15 09:58:38.129426,1,SKU0010,83,10
11,2025-07-15 09:58:38.129426,1,SKU0011,16,10
12,2025-07-15 09:58:38.129426,1,SKU0012,37,10
13,2025-07-15 09:58:38.129426,1,SKU0013,44,10
14,2025-07-15 09:58:38.129426,1,SKU0014,81,10
15,2025-07-15 09:58:38.129426,1,SKU0015,75,10
16,2025-07-15 09:58:38.129426,1,SKU0016,43,10
17,2025-07-15 09:58:38.129426,1,SKU0017,96,10
18,2025-07-15 09:58:38.129426,1,SKU0018,55,10
19,2025-07-15 09:58:38.129426,1,SKU0019,67,10
20,2025-07-15 09:58:38.129426,2,SKU0001,36,10
21,2025-07-15 09:58:38.129426,2,SKU0002,87,10
22,2025-07-15 09:58:38.129426,2,SKU0003,17,10
23,2025-07-15 09:58:38.129426,2,SKU0004,71,10
24,2025-07-15 09:58:38.129426,2,SKU0005,3,10
25,2025-07-15 09:58:38.129426,2,SKU0006,46,10
26,2025-07-15 09:58:38.129426,2,SKU0007,52,10
27,2025-07-15 09:58:38.129426,2,SKU0008,80,10
28,2025-07-15 09:58:38.129426,2,SKU0009,62,10
29,2025-07-15 09:58:38.129426,2,SKU0010,18,10
30,2025-07-15 09:58:38.129426,2,SKU0011,85,10
31,2025-07-15 09:58:38.129426,2,SKU0012,97,10
32,2025-07-15 09:58:38.129426,2,SKU0013,69,10
33,2025-07-15 09:58:38.129426,2,SKU0014,15,10
34,2025-07-15 09:58:38.129426,2,SKU0015,77,10
35,2025-07-15 09:58:38.129426,2,SKU0016,0,10
36,2025-07-15 09:58:38.129426,2,SKU0017,100,10
37,2025-07-15 09:58:38.129426,2,SKU0018,9,10
38,2025-07-15 09:58:38.129426,2,SKU0019,51,10
39,2025-07-15 09:58:38.129426,3,SKU0001,94,10
40,2025-07-15 09:58:38.129426,3,SKU0002,48,10
41,2025-07-15 09:58:38.129426,3,SKU0003,18,10
42,2025-07-15 09:58:38.129426,3,SKU0004,94,10
43,2025-07-15 09:58:38.129426,3,SKU0005,20,10
44,2025-07-15 09:58:38.129426,3,SKU0006,31,10
45,2025-07-15 09:58:38.129426,3,SKU0007,28,10
46,2025-07-15 09:58:38.129426,3,SKU0008,56,10
47,2025-07-15 09:58:38.129426,3,SKU0009,25,10
48,2025-07-15 09:58:38.129426,3,SKU0010,5,10
49,2025-07-15 09:58:38.129426,3,SKU0011,66,10
50,2025-07-15 09:58:38.129426,3,SKU0012,84,10
51,2025-07-15 09:58:38.129426,3,SKU0013,52,10
52,2025-07-15 09:58:38.129426,3,SKU0014,47,10
53,2025-07-15 09:58:38.129426,3,SKU0015,53,10
54,2025-07-15 09:58:38.129426,3,SKU0016,16,10
55,2025-07-15 09:58:38.129426,3,SKU0017,51,10
56,2025-07-15 09:58:38.129426,3,SKU0018,9,10
57,2025-07-15 09:58:38.129426,3,SKU0019,100,10
58,2025-07-16 09:58:38.129426,1,SKU0001,2,10
59,2025-07-16 09:58:38.129426,1,SKU0002,8,10
60,2025-07-16 09:58:38.129426,1,SKU0003,89,10
61,2025-07-16 09:58:38.129426,1,SKU0004,17,10
62,2025-07-16 09:58:38.129426,1,SKU0005,71,10
63,2025-07-16 09:58:38.129426,1,SKU0006,65,10
64,2025-07-16 09:58:38.129426,1,SKU0007,1,10
65,2025-07-16 09:58:38.129426,1,SKU0008,75,10
66,2025-07-16 09:58:38.129426,1,SKU0009,40,10
67,2025-07-16 09:58:38.129426,1,SKU0010,24,10
68,2025-07-16 09:58:38.129426,1,SKU0011,68,10
69,2025-07-16 09:58:38.129426,1,SKU0012,47,10
70,2025-07-16 09:58:38.129426,1,SKU0013,80,10
71,2025-07-16 09:58:38.129426,1,SKU0014,50,10
72,2025-07-16 09:58:38.129426,1,SKU0015,97,10
73,2025-07-16 09:58:38.129426,1,SKU0016,9,10
74,2025-07-16 09:58:38.129426,1,SKU0017,8,10
75,2025-07-16 09:58:38.129426,1,SKU0018,71,10
76,2025-07-16 09:58:38.129426,1,SKU0019,100,10
77,2025-07-16 09:58:38.129426,2,SKU0001,2,10
78,2025-07-16 09:58:38.129426,2,SKU0002,77,10
79,2025-07-16 09:58:38.129426,2,SKU0003,54,10
80,2025-07-16 09:58:38.129426,2,SKU0004,100,10
81,2025-07-16 09:58:38.129426,2,SKU0005,7,10
82,2025-07-16 09:58:38.129426,2,SKU0006,11,10
83,2025-07-16 09:58:38.129426,2,SKU0007,81,10
84,2025-07-16 09:58:38.129426,2,SKU0008,63,10
85,2025-07-16 09:58:38.129426,2,SKU0009,3,10
86,2025-07-16 09:58:38.129426,2,SKU0010,86,10
87,2025-07-16 09:58:38.129426,2,SKU0011,95,10
88,2025-07-16 09:58:38.129426,2,SKU0012,21,10
89,2025-07-16 09:58:38.129426,2,SKU0013,61,10
90,2025-07-16 09:58:38.129426,2,SKU0014,70,10
91,2025-07-16 09:58:38.129426,2,SKU0015,65,10
92,2025-07-16 09:58:38.129426,2,SKU0016,93,10
93,2025-07-16 09:58:38.129426,2,SKU0017,71,10
94,2025-07-16 09:58:38.129426,2,SKU0018,37,10
95,2025-07-16 09:58:38.129426,2,SKU0019,83,10
96,2025-07-16 09:58:38.129426,3,SKU0001,9,10
97,2025-07-16 09:58:38.129426,3,SKU0002,70,10
98,2025-07-16 09:58:38.129426,3,SKU0003,70,10
99,2025-07-16 09:58:38.129426,3,SKU0004,90,10
100,2025-07-16 09:58:38.129426,3,SKU0005,46,10
101,2025-07-16 09:58:38.129426,3,SKU0006,53,10
102,2025-07-16 09:58:38.129426,3,SKU0007,74,10
103,2025-07-16 09:58:38.129426,3,SKU0008,28,10
104,2025-07-16 09:58:38.129426,3,SKU0009,1,10
105,2025-07-16 09:58:38.129426,3,SKU0010,75,10
106,2025-07-16 09:58:38.129426,3,SKU0011,88,10
107,2025-07-16 09:58:38.129426,3,SKU0012,86,10
108,2025-07-16 09:58:38.129426,3,SKU0013,57,10
109,2025-07-16 09:58:38.129426,3,SKU0014,99,10
110,2025-07-16 09:58:38.129426,3,SKU0015,9,10
111,2025-07-16 09:58:38.129426,3,SKU0016,99,10
112,2025-07-16 09:58:38.129426,3,SKU0017,9,10
113,2025-07-16 09:58:38.129426,3,SKU0018,100,10
114,2025-07-16 09:58:38.129426,3,SKU0019,69,10
115,2025-07-17 09:58:38.129426,1,SKU0001,30,10
116,2025-07-17 09:58:38.129426,1,SKU0002,83,10
117,2025-07-17 09:58:38.129426,1,SKU0003,97,10
118,2025-07-17 09:58:38.129426,1,SKU0004,48,10
119,2025-07-17 09:58:38.129426,1,SKU0005,4,10
120,2025-07-17 09:58:38.129426,1,SKU0006,53,10
121,2025-07-17 09:58:38.129426,1,SKU0007,5,10
122,2025-07-17 09:58:38.129426,1,SKU0008,17,10
123,2025-07-17 09:58:38.129426,1,SKU0009,9,10
124,2025-07-17 09:58:38.129426,1,SKU0010,11,10
125,2025-07-17 09:58:38.129426,1,SKU0011,35,10
126,2025-07-17 09:58:38.129426,1,SKU0012,90,10
127,2025-07-17 09:58:38.129426,1,SKU0013,64,10
128,2025-07-17 09:58:38.129426,1,SKU0014,71,10
129,2025-07-17 09:58:38.129426,1,SKU0015,77,10
130,2025-07-17 09:58:38.129426,1,SKU0016,88,10
131,2025-07-17 09:58:38.129426,1,SKU0017,24,10
132,2025-07-17 09:58:38.129426,1,SKU0018,77,10
133,2025-07-17 09:58:38.129426,1,SKU0019,87,10
134,2025-07-17 09:58:38.129426,2,SKU0001,78,10
135,2025-07-17 09:58:38.129426,2,SKU0002,60,10
136,2025-07-17 09:58:38.129426,2,SKU0003,39,10
137,2025-07-17 09:58:38.129426,2,SKU0004,95,10
138,2025-07-17 09:58:38.129426,2,SKU0005,62,10
139,2025-07-17 09:58:38.129426,2,SKU0006,43,10
140,2025-07-17 09:58:38.129426,2,SKU0007,46,10
141,2025-07-17 09:58:38.129426,2,SKU0008,74,10
142,2025-07-17 09:58:38.129426,2,SKU0009,93,10
143,2025-07-17 09:58:38.129426,2,SKU0010,99,10
144,2025-07-17 09:58:38.129426,2,SKU0011,25,10
145,2025-07-17 09:58:38.129426,2,SKU0012,87,10
146,2025-07-17 09:58:38.129426,2,SKU0013,83,10
147,2025-07-17 09:58:38.129426,2,SKU0014,56,10
148,2025-07-17 09:58:38.129426,2,SKU0015,93,10
149,2025-07-17 09:58:38.129426,2,SKU0016,9,10
150,2025-07-17 09:58:38.129426,2,SKU0017,84,10
151,2025-07-17 09:58:38.129426,2,SKU0018,70,10
152,2025-07-17 09:58:38.129426,2,SKU0019,67,10
153,2025-07-17 09:58:38.129426,3,SKU0001,64,10
154,2025-07-17 09:58:38.129426,3,SKU0002,80,10
155,2025-07-17 09:58:38.129426,3,SKU0003,63,10
156,2025-07-17 09:58:38.129426,3,SKU0004,2,10
157,2025-07-17 09:58:38.129426,3,SKU0005,94,10
158,2025-07-17 09:58:38.129426,3,SKU0006,17,10
159,2025-07-17 09:58:38.129426,3,SKU0007,9,10
160,2025-07-17 09:58:38.129426,3,SKU0008,44,10
161,2025-07-17 09:58:38.129426,3,SKU0009,98,10
162,2025-07-17 09:58:38.129426,3,SKU0010,58,10
163,2025-07-17 09:58:38.129426,3,SKU0011,10,10
164,2025-07-17 09:58:38.129426,3,SKU0012,30,10
165,2025-07-17 09:58:38.129426,3,SKU0013,19,10
166,2025-07-17 09:58:38.129426,3,SKU0014,73,10
167,2025-07-17 09:58:38.129426,3,SKU0015,9,10
168,2025-07-17 09:58:38.129426,3,SKU0016,58,10
169,2025-07-17 09:58:38.129426,3,SKU0017,19,10
170,2025-07-17 09:58:38.129426,3,SKU0018,74,10
171,2025-07-17 09:58:38.129426,3,SKU0019,3,10
172,2025-07-18 09:58:38.129426,1,SKU0001,21,10
173,2025-07-18 09:58:38.129426,1,SKU0002,94,10
174,2025-07-18 09:58:38.129426,1,SKU0003,60,10
175,2025-07-18 09:58:38.129426,1,SKU0004,3,10
176,2025-07-18 09:58:38.129426,1,SKU0005,20,10
177,2025-07-18 09:58:38.129426,1,SKU0006,41,10
178,2025-07-18 09:58:38.129426,1,SKU0007,76,10
179,2025-07-18 09:58:38.129426,1,SKU0008,65,10
180,2025-07-18 09:58:38.129426,1,SKU0009,87,10
181,2025-07-18 09:58:38.129426,1,SKU0010,66,10
182,2025-07-18 09:58:38.129426,1,SKU0011,49,10
183,2025-07-18 09:58:38.129426,1,SKU0012,4,10
184,2025-07-18 09:58:38.129426,1,SKU0013,75,10
185,2025-07-18 09:58:38.129426,1,SKU0014,42,10
186,2025-07-18 09:58:38.129426,1,SKU0015,55,10
187,2025-07-18 09:58:38.129426,1,SKU0016,3,10
188,2025-07-18 09:58:38.129426,1,SKU0017,75,10
189,2025-07-18 09:58:38.129426,1,SKU0018,22,10
190,2025-07-18 09:58:38.129426,1,SKU0019,21,10
191,2025-07-18 09:58:38.129426,2,SKU0001,12,10
192,2025-07-18 09:58:38.129426,2,SKU0002,3,10
193,2025-07-18 09:58:38.129426,2,SKU0003,50,10
194,2025-07-18 09:58:38.129426,2,SKU0004,90,10
195,2025-07-18 09:58:38.129426,2,SKU0005,60,10
196,2025-07-18 09:58:38.129426,2,SKU0006,66,10
197,2025-07-18 09:58:38.129426,2,SKU0007,30,10
198,2025-07-18 09:58:38.129426,2,SKU0008,45,10
199,2025-07-18 09:58:38.129426,2,SKU0009,54,10
200,2025-07-18 09:58:38.129426,2,SKU0010,49,10
201,2025-07-18 09:58:38.129426,2,SKU0011,48,10
202,2025-07-18 09:58:38.129426,2,SKU0012,33,10
203,2025-07-18 09:58:38.129426,2,SKU0013,6,10
204,2025-07-18 09:58:38.129426,2,SKU0014,0,10
205,2025-07-18 09:58:38.129426,2,SKU0015,26,10
206,2025-07-18 09:58:38.129426,2,SKU0016,7,10
207,2025-07-18 09:58:38.129426,2,SKU0017,2,10
208,2025-07-18 09:58:38.129426,2,SKU0018,19,10
209,2025-07-18 09:58:38.129426,2,SKU0019,63,10
210,2025-07-18 09:58:38.129426,3,SKU0001,62,10
211,2025-07-18 09:58:38.129426,3,SKU0002,51,10
212,2025-07-18 09:58:38.129426,3,SKU0003,75,10
213,2025-07-18 09:58:38.129426,3,SKU0004,23,10
214,2025-07-18 09:58:38.129426,3,SKU0005,76,10
215,2025-07-18 09:58:38.129426,3,SKU0006,2,10
216,2025-07-18 09:58:38.129426,3,SKU0007,64,10
217,2025-07-18 09:58:38.129426,3,SKU0008,20,10
218,2025-07-18 09:58:38.129426,3,SKU0009,8,10
219,2025-07-18 09:58:38.129426,3,SKU0010,92,10
220,2025-07-18 09:58:38.129426,3,SKU0011,75,10
221,2025-07-18 09:58:38.129426,3,SKU0012,74,10
222,2025-07-18 09:58:38.129426,3,SKU0013,28,10
223,2025-07-18 09:58:38.129426,3,SKU0014,7,10
224,2025-07-18 09:58:38.129426,3,SKU0015,12,10
225,2025-07-18 09:58:38.129426,3,SKU0016,28,10
226,2025-07-18 09:58:38.129426,3,SKU0017,69,10
227,2025-07-18 09:58:38.129426,3,SKU0018,94,10
228,2025-07-18 09:58:38.129426,3,SKU0019,64,10
229,2025-07-19 09:58:38.129426,1,SKU0001,23,10
230,2025-07-19 09:58:38.129426,1,SKU0002,46,10
231,2025-07-19 09:58:38.129426,1,SKU0003,80,10
232,2025-07-19 09:58:38.129426,1,SKU0004,77,10
233,2025-07-19 09:58:38.129426,1,SKU0005,53,10
234,2025-07-19 09:58:38.129426,1,SKU0006,71,10
235,2025-07-19 09:58:38.129426,1,SKU0007,68,10
236,2025-07-19 09:58:38.129426,1,SKU0008,47,10
237,2025-07-19 09:58:38.129426,1,SKU0009,45,10
238,2025-07-19 09:58:38.129426,1,SKU0010,35,10
239,2025-07-19 09:58:38.129426,1,SKU0011,14,10
240,2025-07-19 09:58:38.129426,1,SKU0012,58,10
241,2025-07-19 09:58:38.129426,1,SKU0013,61,10
242,2025-07-19 09:58:38.129426,1,SKU0014,94,10
243,2025-07-19 09:58:38.129426,1,SKU0015,0,10
244,2025-07-19 09:58:38.129426,1,SKU0016,56,10
245,2025-07-19 09:58:38.129426,1,SKU0017,86,10
246,2025-07-19 09:58:38.129426,1,SKU0018,45,10
247,2025-07-19 09:58:38.129426,1,SKU0019,79,10
248,2025-07-19 09:58:38.129426,2,SKU0001,75,10
249,2025-07-19 09:58:38.129426,2,SKU0002,58,10
250,2025-07-19 09:58:38.129426,2,SKU0003,89,10
251,2025-07-19 09:58:38.129426,2,SKU0004,66,10
252,2025-07-19 09:58:38.129426,2,SKU0005,23,10
253,2025-07-19 09:58:38.129426,2,SKU0006,45,10
254,2025-07-19 09:58:38.129426,2,SKU0007,72,10
255,2025-07-19 09:58:38.129426,2,SKU0008,99,10
256,2025-07-19 09:58:38.129426,2,SKU0009,54,10
257,2025-07-19 09:58:38.129426,2,SKU0010,42,10
258,2025-07-19 09:58:38.129426,2,SKU0011,77,10
259,2025-07-19 09:58:38.129426,2,SKU0012,38,10
260,2025-07-19 09:58:38.129426,2,SKU0013,93,10
261,2025-07-19 09:58:38.129426,2,SKU0014,46,10
262,2025-07-19 09:58:38.129426,2,SKU0015,42,10
263,2025-07-19 09:58:38.129426,2,SKU0016,35,10
264,2025-07-19 09:58:38.129426,2,SKU0017,52,10
265,2025-07-19 09:58:38.129426,2,SKU0018,64,10
266,2025-07-19 09:58:38.129426,2,SKU0019,25,10
267,2025-07-19 09:58:38.129426,3,SKU0001,34,10
268,2025-07-19 09:58:38.129426,3,SKU0002,2,10
269,2025-07-19 09:58:38.129426,3,SKU0003,94,10
270,2025-07-19 09:58:38.129426,3,SKU0004,38,10
271,2025-07-19 09:58:38.129426,3,SKU0005,87,10
272,2025-07-19 09:58:38.129426,3,SKU0006,41,10
273,2025-07-19 09:58:38.129426,3,SKU0007,11,10
274,2025-07-19 09:58:38.129426,3,SKU0008,4,10
275,2025-07-19 09:58:38.129426,3,SKU0009,79,10
276,2025-07-19 09:58:38.129426,3,SKU0010,80,10
277,2025-07-19 09:58:38.129426,3,SKU0011,6,10
278,2025-07-19 09:58:38.129426,3,SKU0012,98,10
279,2025-07-19 09:58:38.129426,3,SKU0013,40,10
280,2025-07-19 09:58:38.129426,3,SKU0014,3,10
281,2025-07-19 09:58:38.129426,3,SKU0015,54,10
282,2025-07-19 09:58:38.129426,3,SKU0016,69,10
283,2025-07-19 09:58:38.129426,3,SKU0017,50,10
284,2025-07-19 09:58:38.129426,3,SKU0018,16,10
285,2025-07-19 09:58:38.129426,3,SKU0019,80,10
286,2025-07-20 09:58:38.129426,1,SKU0001,97,10
287,2025-07-20 09:58:38.129426,1,SKU0002,47,10
288,2025-07-20 09:58:38.129426,1,SKU0003,78,10
289,2025-07-20 09:58:38.129426,1,SKU0004,99,10
290,2025-07-20 09:58:38.129426,1,SKU0005,7,10
291,2025-07-20 09:58:38.129426,1,SKU0006,76,10
292,2025-07-20 09:58:38.129426,1,SKU0007,66,10
293,2025-07-20 09:58:38.129426,1,SKU0008,52,10
294,2025-07-20 09:58:38.129426,1,SKU0009,15,10
295,2025-07-20 09:58:38.129426,1,SKU0010,91,10
296,2025-07-20 09:58:38.129426,1,SKU0011,39,10
297,2025-07-20 09:58:38.129426,1,SKU0012,25,10
298,2025-07-20 09:58:38.129426,1,SKU0013,51,10
299,2025-07-20 09:58:38.129426,1,SKU0014,98,10
300,2025-07-20 09:58:38.129426,1,SKU0015,33,10
301,2025-07-20 09:58:38.129426,1,SKU0016,66,10
302,2025-07-20 09:58:38.129426,1,SKU0017,45,10
303,2025-07-20 09:58:38.129426,1,SKU0018,80,10
304,2025-07-20 09:58:38.129426,1,SKU0019,88,10
305,2025-07-20 09:58:38.129426,2,SKU0001,93,10
306,2025-07-20 09:58:38.129426,2,SKU0002,6,10
307,2025-07-20 09:58:38.129426,2,SKU0003,26,10
308,2025-07-20 09:58:38.129426,2,SKU0004,90,10
309,2025-07-20 09:58:38.129426,2,SKU0005,72,10
310,2025-07-20 09:58:38.129426,2,SKU0006,35,10
311,2025-07-20 09:58:38.129426,2,SKU0007,19,10
312,2025-07-20 09:58:38.129426,2,SKU0008,84,10
313,2025-07-20 09:58:38.129426,2,SKU0009,38,10
314,2025-07-20 09:58:38.129426,2,SKU0010,93,10
315,2025-07-20 09:58:38.129426,2,SKU0011,3,10
316,2025-07-20 09:58:38.129426,2,SKU0012,81,10
317,2025-07-20 09:58:38.129426,2,SKU0013,33,10
318,2025-07-20 09:58:38.129426,2,SKU0014,14,10
319,2025-07-20 09:58:38.129426,2,SKU0015,56,10
320,2025-07-20 09:58:38.129426,2,SKU0016,98,10
321,2025-07-20 09:58:38.129426,2,SKU0017,90,10
322,2025-07-20 09:58:38.129426,2,SKU0018,4,10
323,2025-07-20 09:58:38.129426,2,SKU0019,26,10
324,2025-07-20 09:58:38.129426,3,SKU0001,87,10
325,2025-07-20 09:58:38.129426,3,SKU0002,57,10
326,2025-07-20 09:58:38.129426,3,SKU0003,95,10
327,2025-07-20 09:58:38.129426,3,SKU0004,32,10
328,2025-07-20 09:58:38.129426,3,SKU0005,40,10
329,2025-07-20 09:58:38.129426,3,SKU0006,55,10
330,2025-07-20 09:58:38.129426,3,SKU0007,14,10
331,2025-07-20 09:58:38.129426,3,SKU0008,77,10
332,2025-07-20 09:58:38.129426,3,SKU0009,47,10
333,2025-07-20 09:58:38.129426,3,SKU0010,60,10
334,2025-07-20 09:58:38.129426,3,SKU0011,20,10
335,2025-07-20 09:58:38.129426,3,SKU0012,73,10
336,2025-07-20 09:58:38.129426,3,SKU0013,28,10
337,2025-07-20 09:58:38.129426,3,SKU0014,75,10
338,2025-07-20 09:58:38.129426,3,SKU0015,74,10
339,2025-07-20 09:58:38.129426,3,SKU0016,5,10
340,2025-07-20 09:58:38.129426,3,SKU0017,27,10
341,2025-07-20 09:58:38.129426,3,SKU0018,16,10
342,2025-07-20 09:58:38.129426,3,SKU0019,7,10
343,2025-07-21 09:58:38.129426,1,SKU0001,85,10
344,2025-07-21 09:58:38.129426,1,SKU0002,58,10
345,2025-07-21 09:58:38.129426,1,SKU0003,27,10
346,2025-07-21 09:58:38.129426,1,SKU0004,13,10
347,2025-07-21 09:58:38.129426,1,SKU0005,0,10
348,2025-07-21 09:58:38.129426,1,SKU0006,35,10
349,2025-07-21 09:58:38.129426,1,SKU0007,51,10
350,2025-07-21 09:58:38.129426,1,SKU0008,47,10
351,2025-07-21 09:58:38.129426,1,SKU0009,13,10
352,2025-07-21 09:58:38.129426,1,SKU0010,71,10
353,2025-07-21 09:58:38.129426,1,SKU0011,43,10
354,2025-07-21 09:58:38.129426,1,SKU0012,63,10
355,2025-07-21 09:58:38.129426,1,SKU0013,49,10
356,2025-07-21 09:58:38.129426,1,SKU0014,52,10
357,2025-07-21 09:58:38.129426,1,SKU0015,81,10
358,2025-07-21 09:58:38.129426,1,SKU0016,13,10
359,2025-07-21 09:58:38.129426,1,SKU0017,52,10
360,2025-07-21 09:58:38.129426,1,SKU0018,21,10
361,2025-07-21 09:58:38.129426,1,SKU0019,75,10
362,2025-07-21 09:58:38.129426,2,SKU0001,87,10
363,2025-07-21 09:58:38.129426,2,SKU0002,7,10
364,2025-07-21 09:58:38.129426,2,SKU0003,37,10
365,2025-07-21 09:58:38.129426,2,SKU0004,49,10
366,2025-07-21 09:58:38.129426,2,SKU0005,70,10
367,2025-07-21 09:58:38.129426,2,SKU0006,10,10
368,2025-07-21 09:58:38.129426,2,SKU0007,75,10
369,2025-07-21 09:58:38.129426,2,SKU0008,54,10
370,2025-07-21 09:58:38.129426,2,SKU0009,89,10
371,2025-07-21 09:58:38.129426,2,SKU0010,50,10
372,2025-07-21 09:58:38.129426,2,SKU0011,27,10
373,2025-07-21 09:58:38.129426,2,SKU0012,95,10
374,2025-07-21 09:58:38.129426,2,SKU0013,11,10
375,2025-07-21 09:58:38.129426,2,SKU0014,37,10
376,2025-07-21 09:58:38.129426,2,SKU0015,74,10
377,2025-07-21 09:58:38.129426,2,SKU0016,57,10
378,2025-07-21 09:58:38.129426,2,SKU0017,65,10
379,2025-07-21 09:58:38.129426,2,SKU0018,3,10
380,2025-07-21 09:58:38.129426,2,SKU0019,87,10
381,2025-07-21 09:58:38.129426,3,SKU0001,11,10
382,2025-07-21 09:58:38.129426,3,SKU0002,50,10
383,2025-07-21 09:58:38.129426,3,SKU0003,93,10
384,2025-07-21 09:58:38.129426,3,SKU0004,43,10
385,2025-07-21 09:58:38.129426,3,SKU0005,83,10
386,2025-07-21 09:58:38.129426,3,SKU0006,71,10
387,2025-07-21 09:58:38.129426,3,SKU0007,96,10
388,2025-07-21 09:58:38.129426,3,SKU0008,42,10
389,2025-07-21 09:58:38.129426,3,SKU0009,16,10
390,2025-07-21 09:58:38.129426,3,SKU0010,68,10
391,2025-07-21 09:58:38.129426,3,SKU0011,86,10
392,2025-07-21 09:58:38.129426,3,SKU0012,88,10
393,2025-07-21 09:58:38.129426,3,SKU0013,57,10
394,2025-07-21 09:58:38.129426,3,SKU0014,10,10
395,2025-07-21 09:58:38.129426,3,SKU0015,87,10
396,2025-07-21 09:58:38.129426,3,SKU0016,38,10
397,2025-07-21 09:58:38.129426,3,SKU0017,8,10
398,2025-07-21 09:58:38.129426,3,SKU0018,31,10
399,2025-07-21 09:58:38.129426,3,SKU0019,6,10
400,2025-07-22 09:58:38.129426,1,SKU0001,33,10
401,2025-07-22 09:58:38.129426,1,SKU0002,10,10
402,2025-07-22 09:58:38.129426,1,SKU0003,17,10
403,2025-07-22 09:58:38.129426,1,SKU0004,68,10
404,2025-07-22 09:58:38.129426,1,SKU0005,14,10
405,2025-07-22 09:58:38.129426,1,SKU0006,40,10
406,2025-07-22 09:58:38.129426,1,SKU0007,88,10
407,2025-07-22 09:58:38.129426,1,SKU0008,94,10
408,2025-07-22 09:58:38.129426,1,SKU0009,86,10
409,2025-07-22 09:58:38.129426,1,SKU0010,73,10
410,2025-07-22 09:58:38.129426,1,SKU0011,57,10
411,2025-07-22 09:58:38.129426,1,SKU0012,46,10
412,2025-07-22 09:58:38.129426,1,SKU0013,9,10
413,2025-07-22 09:58:38.129426,1,SKU0014,39,10
414,2025-07-22 09:58:38.129426,1,SKU0015,1,10
415,2025-07-22 09:58:38.129426,1,SKU0016,56,10
416,2025-07-22 09:58:38.129426,1,SKU0017,42,10
417,2025-07-22 09:58:38.129426,1,SKU0018,91,10
418,2025-07-22 09:58:38.129426,1,SKU0019,12,10
419,2025-07-22 09:58:38.129426,2,SKU0001,17,10
420,2025-07-22 09:58:38.129426,2,SKU0002,7,10
421,2025-07-22 09:58:38.129426,2,SKU0003,47,10
422,2025-07-22 09:58:38.129426,2,SKU0004,35,10
423,2025-07-22 09:58:38.129426,2,SKU0005,2,10
424,2025-07-22 09:58:38.129426,2,SKU0006,21,10
425,2025-07-22 09:58:38.129426,2,SKU0007,23,10
426,2025-07-22 09:58:38.129426,2,SKU0008,5,10
427,2025-07-22 09:58:38.129426,2,SKU0009,91,10
428,2025-07-22 09:58:38.129426,2,SKU0010,78,10
429,2025-07-22 09:58:38.129426,2,SKU0011,27,10
430,2025-07-22 09:58:38.129426,2,SKU0012,11,10
431,2025-07-22 09:58:38.129426,2,SKU0013,85,10
432,2025-07-22 09:58:38.129426,2,SKU0014,4,10
433,2025-07-22 09:58:38.129426,2,SKU0015,66,10
434,2025-07-22 09:58:38.129426,2,SKU0016,29,10
435,2025-07-22 09:58:38.129426,2,SKU0017,54,10
436,2025-07-22 09:58:38.129426,2,SKU0018,92,10
437,2025-07-22 09:58:38.129426,2,SKU0019,98,10
438,2025-07-22 09:58:38.129426,3,SKU0001,63,10
439,2025-07-22 09:58:38.129426,3,SKU0002,66,10
440,2025-07-22 09:58:38.129426,3,SKU0003,48,10
441,2025-07-22 09:58:38.129426,3,SKU0004,77,10
442,2025-07-22 09:58:38.129426,3,SKU0005,2,10
443,2025-07-22 09:58:38.129426,3,SKU0006,81,10
444,2025-07-22 09:58:38.129426,3,SKU0007,37,10
445,2025-07-22 09:58:38.129426,3,SKU0008,13,10
446,2025-07-22 09:58:38.129426,3,SKU0009,42,10
447,2025-07-22 09:58:38.129426,3,SKU0010,14,10
448,2025-07-22 09:58:38.129426,3,SKU0011,24,10
449,2025-07-22 09:58:38.129426,3,SKU0012,80,10
450,2025-07-22 09:58:38.129426,3,SKU0013,43,10
451,2025-07-22 09:58:38.129426,3,SKU0014,12,10
452,2025-07-22 09:58:38.129426,3,SKU0015,57,10
453,2025-07-22 09:58:38.129426,3,SKU0016,79,10
454,2025-07-22 09:58:38.129426,3,SKU0017,14,10
455,2025-07-22 09:58:38.129426,3,SKU0018,92,10
456,2025-07-22 09:58:38.129426,3,SKU0019,98,10
457,2025-07-23 09:58:38.129426,1,SKU0001,94,10
458,2025-07-23 09:58:38.129426,1,SKU0002,8,10
459,2025-07-23 09:58:38.129426,1,SKU0003,36,10
460,2025-07-23 09:58:38.129426,1,SKU0004,84,10
461,2025-07-23 09:58:38.129426,1,SKU0005,2,10
462,2025-07-23 09:58:38.129426,1,SKU0006,24,10
463,2025-07-23 09:58:38.129426,1,SKU0007,14,10
464,2025-07-23 09:58:38.129426,1,SKU0008,79,10
465,2025-07-23 09:58:38.129426,1,SKU0009,86,10
466,2025-07-23 09:58:38.129426,1,SKU0010,4,10
467,2025-07-23 09:58:38.129426,1,SKU0011,96,10
468,2025-07-23 09:58:38.129426,1,SKU0012,73,10
469,2025-07-23 09:58:38.129426,1,SKU0013,32,10
470,2025-07-23 09:58:38.129426,1,SKU0014,73,10
471,2025-07-23 09:58:38.129426,1,SKU0015,75,10
472,2025-07-23 09:58:38.129426,1,SKU0016,56,10
473,2025-07-23 09:58:38.129426,1,SKU0017,6,10
474,2025-07-23 09:58:38.129426,1,SKU0018,98,10
475,2025-07-23 09:58:38.129426,1,SKU0019,86,10
476,2025-07-23 09:58:38.129426,2,SKU0001,34,10
477,2025-07-23 09:58:38.129426,2,SKU0002,63,10
478,2025-07-23 09:58:38.129426,2,SKU0003,49,10
479,2025-07-23 09:58:38.129426,2,SKU0004,93,10
480,2025-07-23 09:58:38.129426,2,SKU0005,12,10
481,2025-07-23 09:58:38.129426,2,SKU0006,39,10
482,2025-07-23 09:58:38.129426,2,SKU0007,32,10
483,2025-07-23 09:58:38.129426,2,SKU0008,89,10
484,2025-07-23 09:58:38.129426,2,SKU0009,14,10
485,2025-07-23 09:58:38.129426,2,SKU0010,47,10
486,2025-07-23 09:58:38.129426,2,SKU0011,38,10
487,2025-07-23 09:58:38.129426,2,SKU0012,3,10
488,2025-07-23 09:58:38.129426,2,SKU0013,34,10
489,2025-07-23 09:58:38.129426,2,SKU0014,100,10
490,2025-07-23 09:58:38.129426,2,SKU0015,90,10
491,2025-07-23 09:58:38.129426,2,SKU0016,21,10
492,2025-07-23 09:58:38.129426,2,SKU0017,94,10
493,2025-07-23 09:58:38.129426,2,SKU0018,59,10
494,2025-07-23 09:58:38.129426,2,SKU0019,84,10
495,2025-07-23 09:58:38.129426,3,SKU0001,2,10
496,2025-07-23 09:58:38.129426,3,SKU0002,31,10
497,2025-07-23 09:58:38.129426,3,SKU0003,53,10
498,2025-07-23 09:58:38.129426,3,SKU0004,84,10
499,2025-07-23 09:58:38.129426,3,SKU0005,91,10
500,2025-07-23 09:58:38.129426,3,SKU0006,14,10
501,2025-07-23 09:58:38.129426,3,SKU0007,6,10
502,2025-07-23 09:58:38.129426,3,SKU0008,87,10
503,2025-07-23 09:58:38.129426,3,SKU0009,46,10
504,2025-07-23 09:58:38.129426,3,SKU0010,65,10
505,2025-07-23 09:58:38.129426,3,SKU0011,39,10
506,2025-07-23 09:58:38.129426,3,SKU0012,25,10
507,2025-07-23 09:58:38.129426,3,SKU0013,43,10
508,2025-07-23 09:58:38.129426,3,SKU0014,78,10
509,2025-07-23 09:58:38.129426,3,SKU0015,85,10
510,2025-07-23 09:58:38.129426,3,SKU0016,75,10
511,2025-07-23 09:58:38.129426,3,SKU0017,8,10
512,2025-07-23 09:58:38.129426,3,SKU0018,21,10
513,2025-07-23 09:58:38.129426,3,SKU0019,28,10
514,2025-07-24 09:58:38.129426,1,SKU0001,3,10
515,2025-07-24 09:58:38.129426,1,SKU0002,80,10
516,2025-07-24 09:58:38.129426,1,SKU0003,92,10
517,2025-07-24 09:58:38.129426,1,SKU0004,74,10
518,2025-07-24 09:58:38.129426,1,SKU0005,30,10
519,2025-07-24 09:58:38.129426,1,SKU0006,90,10
520,2025-07-24 09:58:38.129426,1,SKU0007,31,10
521,2025-07-24 09:58:38.129426,1,SKU0008,73,10
522,2025-07-24 09:58:38.129426,1,SKU0009,65,10
523,2025-07-24 09:58:38.129426,1,SKU0010,54,10
524,2025-07-24 09:58:38.129426,1,SKU0011,37,10
525,2025-07-24 09:58:38.129426,1,SKU0012,21,10
526,2025-07-24 09:58:38.129426,1,SKU0013,23,10
527,2025-07-24 09:58:38.129426,1,SKU0014,99,10
528,2025-07-24 09:58:38.129426,1,SKU0015,94,10
529,2025-07-24 09:58:38.129426,1,SKU0016,5,10
530,2025-07-24 09:58:38.129426,1,SKU0017,14,10
531,2025-07-24 09:58:38.129426,1,SKU0018,15,10
532,2025-07-24 09:58:38.129426,1,SKU0019,13,10
533,2025-07-24 09:58:38.129426,2,SKU0001,71,10
534,2025-07-24 09:58:38.129426,2,SKU0002,72,10
535,2025-07-24 09:58:38.129426,2,SKU0003,16,10
536,2025-07-24 09:58:38.129426,2,SKU0004,64,10
537,2025-07-24 09:58:38.129426,2,SKU0005,73,10
538,2025-07-24 09:58:38.129426,2,SKU0006,46,10
539,2025-07-24 09:58:38.129426,2,SKU0007,0,10
540,2025-07-24 09:58:38.129426,2,SKU0008,69,10
541,2025-07-24 09:58:38.129426,2,SKU0009,98,10
542,2025-07-24 09:58:38.129426,2,SKU0010,5,10
543,2025-07-24 09:58:38.129426,2,SKU0011,94,10
544,2025-07-24 09:58:38.129426,2,SKU0012,65,10
545,2025-07-24 09:58:38.129426,2,SKU0013,80,10
546,2025-07-24 09:58:38.129426,2,SKU0014,28,10
547,2025-07-24 09:58:38.129426,2,SKU0015,1,10
548,2025-07-24 09:58:38.129426,2,SKU0016,66,10
549,2025-07-24 09:58:38.129426,2,SKU0017,0,10
550,2025-07-24 09:58:38.129426,2,SKU0018,39,10
551,2025-07-24 09:58:38.129426,2,SKU0019,20,10
552,2025-07-24 09:58:38.129426,3,SKU0001,25,10
553,2025-07-24 09:58:38.129426,3,SKU0002,6,10
554,2025-07-24 09:58:38.129426,3,SKU0003,4,10
555,2025-07-24 09:58:38.129426,3,SKU0004,78,10
556,2025-07-24 09:58:38.129426,3,SKU0005,75,10
557,2025-07-24 09:58:38.129426,3,SKU0006,71,10
558,2025-07-24 09:58:38.129426,3,SKU0007,82,10
559,2025-07-24 09:58:38.129426,3,SKU0008,13,10
560,2025-07-24 09:58:38.129426,3,SKU0009,39,10
561,2025-07-24 09:58:38.129426,3,SKU0010,7,10
562,2025-07-24 09:58:38.129426,3,SKU0011,7,10
563,2025-07-24 09:58:38.129426,3,SKU0012,29,10
564,2025-07-24 09:58:38.129426,3,SKU0013,3,10
565,2025-07-24 09:58:38.129426,3,SKU0014,29,10
566,2025-07-24 09:58:38.129426,3,SKU0015,32,10
567,2025-07-24 09:58:38.129426,3,SKU0016,70,10
568,2025-07-24 09:58:38.129426,3,SKU0017,35,10
569,2025-07-24 09:58:38.129426,3,SKU0018,55,10
570,2025-07-24 09:58:38.129426,3,SKU0019,4,10
571,2025-07-25 09:58:38.129426,1,SKU0001,1,10
572,2025-07-25 09:58:38.129426,1,SKU0002,9,10
573,2025-07-25 09:58:38.129426,1,SKU0003,52,10
574,2025-07-25 09:58:38.129426,1,SKU0004,77,10
575,2025-07-25 09:58:38.129426,1,SKU0005,80,10
576,2025-07-25 09:58:38.129426,1,SKU0006,4,10
577,2025-07-25 09:58:38.129426,1,SKU0007,73,10
578,2025-07-25 09:58:38.129426,1,SKU0008,82,10
579,2025-07-25 09:58:38.129426,1,SKU0009,14,10
580,2025-07-25 09:58:38.129426,1,SKU0010,38,10
581,2025-07-25 09:58:38.129426,1,SKU0011,96,10
582,2025-07-25 09:58:38.129426,1,SKU0012,14,10
583,2025-07-25 09:58:38.129426,1,SKU0013,74,10
584,2025-07-25 09:58:38.129426,1,SKU0014,32,10
585,2025-07-25 09:58:38.129426,1,SKU0015,14,10
586,2025-07-25 09:58:38.129426,1,SKU0016,3,10
587,2025-07-25 09:58:38.129426,1,SKU0017,59,10
588,2025-07-25 09:58:38.129426,1,SKU0018,9,10
589,2025-07-25 09:58:38.129426,1,SKU0019,14,10
590,2025-07-25 09:58:38.129426,2,SKU0001,99,10
591,2025-07-25 09:58:38.129426,2,SKU0002,14,10
592,2025-07-25 09:58:38.129426,2,SKU0003,67,10
593,2025-07-25 09:58:38.129426,2,SKU0004,84,10
594,2025-07-25 09:58:38.129426,2,SKU0005,8,10
595,2025-07-25 09:58:38.129426,2,SKU0006,90,10
596,2025-07-25 09:58:38.129426,2,SKU0007,8,10
597,2025-07-25 09:58:38.129426,2,SKU0008,52,10
598,2025-07-25 09:58:38.129426,2,SKU0009,97,10
599,2025-07-25 09:58:38.129426,2,SKU0010,22,10
600,2025-07-25 09:58:38.129426,2,SKU0011,42,10
601,2025-07-25 09:58:38.129426,2,SKU0012,94,10
602,2025-07-25 09:58:38.129426,2,SKU0013,57,10
603,2025-07-25 09:58:38.129426,2,SKU0014,45,10
604,2025-07-25 09:58:38.129426,2,SKU0015,65,10
605,2025-07-25 09:58:38.129426,2,SKU0016,55,10
606,2025-07-25 09:58:38.129426,2,SKU0017,5,10
607,2025-07-25 09:58:38.129426,2,SKU0018,21,10
608,2025-07-25 09:58:38.129426,2,SKU0019,96,10
609,2025-07-25 09:58:38.129426,3,SKU0001,67,10
610,2025-07-25 09:58:38.129426,3,SKU0002,36,10
611,2025-07-25 09:58:38.129426,3,SKU0003,61,10
612,2025-07-25 09:58:38.129426,3,SKU0004,3,10
613,2025-07-25 09:58:38.129426,3,SKU0005,78,10
614,2025-07-25 09:58:38.129426,3,SKU0006,19,10
615,2025-07-25 09:58:38.129426,3,SKU0007,63,10
616,2025-07-25 09:58:38.129426,3,SKU0008,1,10
617,2025-07-25 09:58:38.129426,3,SKU0009,97,10
618,2025-07-25 09:58:38.129426,3,SKU0010,39,10
619,2025-07-25 09:58:38.129426,3,SKU0011,74,10
620,2025-07-25 09:58:38.129426,3,SKU0012,79,10
621,2025-07-25 09:58:38.129426,3,SKU0013,16,10
622,2025-07-25 09:58:38.129426,3,SKU0014,35,10
623,2025-07-25 09:58:38.129426,3,SKU0015,89,10
624,2025-07-25 09:58:38.129426,3,SKU0016,47,10
625,2025-07-25 09:58:38.129426,3,SKU0017,32,10
626,2025-07-25 09:58:38.129426,3,SKU0018,53,10
627,2025-07-25 09:58:38.129426,3,SKU0019,89,10
628,2025-07-26 09:58:38.129426,1,SKU0001,0,10
629,2025-07-26 09:58:38.129426,1,SKU0002,34,10
630,2025-07-26 09:58:38.129426,1,SKU0003,26,10
631,2025-07-26 09:58:38.129426,1,SKU0004,47,10
632,2025-07-26 09:58:38.129426,1,SKU0005,86,10
633,2025-07-26 09:58:38.129426,1,SKU0006,73,10
634,2025-07-26 09:58:38.129426,1,SKU0007,3,10
635,2025-07-26 09:58:38.129426,1,SKU0008,10,10
636,2025-07-26 09:58:38.129426,1,SKU0009,57,10
637,2025-07-26 09:58:38.129426,1,SKU0010,0,10
638,2025-07-26 09:58:38.129426,1,SKU0011,89,10
639,2025-07-26 09:58:38.129426,1,SKU0012,21,10
640,2025-07-26 09:58:38.129426,1,SKU0013,18,10
641,2025-07-26 09:58:38.129426,1,SKU0014,61,10
642,2025-07-26 09:58:38.129426,1,SKU0015,41,10
643,2025-07-26 09:58:38.129426,1,SKU0016,23,10
644,2025-07-26 09:58:38.129426,1,SKU0017,69,10
645,2025-07-26 09:58:38.129426,1,SKU0018,42,10
646,2025-07-26 09:58:38.129426,1,SKU0019,57,10
647,2025-07-26 09:58:38.129426,2,SKU0001,41,10
648,2025-07-26 09:58:38.129426,2,SKU0002,48,10
649,2025-07-26 09:58:38.129426,2,SKU0003,18,10
650,2025-07-26 09:58:38.129426,2,SKU0004,78,10
651,2025-07-26 09:58:38.129426,2,SKU0005,21,10
652,2025-07-26 09:58:38.129426,2,SKU0006,9,10
653,2025-07-26 09:58:38.129426,2,SKU0007,55,10
654,2025-07-26 09:58:38.129426,2,SKU0008,41,10
655,2025-07-26 09:58:38.129426,2,SKU0009,94,10
656,2025-07-26 09:58:38.129426,2,SKU0010,16,10
657,2025-07-26 09:58:38.129426,2,SKU0011,97,10
658,2025-07-26 09:58:38.129426,2,SKU0012,88,10
659,2025-07-26 09:58:38.129426,2,SKU0013,7,10
660,2025-07-26 09:58:38.129426,2,SKU0014,56,10
661,2025-07-26 09:58:38.129426,2,SKU0015,33,10
662,2025-07-26 09:58:38.129426,2,SKU0016,34,10
663,2025-07-26 09:58:38.129426,2,SKU0017,40,10
664,2025-07-26 09:58:38.129426,2,SKU0018,25,10
665,2025-07-26 09:58:38.129426,2,SKU0019,74,10
666,2025-07-26 09:58:38.129426,3,SKU0001,57,10
667,2025-07-26 09:58:38.129426,3,SKU0002,82,10
668,2025-07-26 09:58:38.129426,3,SKU0003,76,10
669,2025-07-26 09:58:38.129426,3,SKU0004,56,10
670,2025-07-26 09:58:38.129426,3,SKU0005,73,10
671,2025-07-26 09:58:38.129426,3,SKU0006,10,10
672,2025-07-26 09:58:38.129426,3,SKU0007,28,10
673,2025-07-26 09:58:38.129426,3,SKU0008,58,10
674,2025-07-26 09:58:38.129426,3,SKU0009,100,10
675,2025-07-26 09:58:38.129426,3,SKU0010,89,10
676,2025-07-26 09:58:38.129426,3,SKU0011,75,10
677,2025-07-26 09:58:38.129426,3,SKU0012,95,10
678,2025-07-26 09:58:38.129426,3,SKU0013,99,10
679,2025-07-26 09:58:38.129426,3,SKU0014,68,10
680,2025-07-26 09:58:38.129426,3,SKU0015,80,10
681,2025-07-26 09:58:38.129426,3,SKU0016,56,10
682,2025-07-26 09:58:38.129426,3,SKU0017,55,10
683,2025-07-26 09:58:38.129426,3,SKU0018,94,10
684,2025-07-26 09:58:38.129426,3,SKU0019,54,10
685,2025-07-27 09:58:38.129426,1,SKU0001,6,10
686,2025-07-27 09:58:38.129426,1,SKU0002,44,10
687,2025-07-27 09:58:38.129426,1,SKU0003,28,10
688,2025-07-27 09:58:38.129426,1,SKU0004,13,10
689,2025-07-27 09:58:38.129426,1,SKU0005,76,10
690,2025-07-27 09:58:38.129426,1,SKU0006,32,10
691,2025-07-27 09:58:38.129426,1,SKU0007,89,10
692,2025-07-27 09:58:38.129426,1,SKU0008,71,10
693,2025-07-27 09:58:38.129426,1,SKU0009,40,10
694,2025-07-27 09:58:38.129426,1,SKU0010,50,10
695,2025-07-27 09:58:38.129426,1,SKU0011,75,10
696,2025-07-27 09:58:38.129426,1,SKU0012,67,10
697,2025-07-27 09:58:38.129426,1,SKU0013,2,10
698,2025-07-27 09:58:38.129426,1,SKU0014,79,10
699,2025-07-27 09:58:38.129426,1,SKU0015,46,10
700,2025-07-27 09:58:38.129426,1,SKU0016,14,10
701,2025-07-27 09:58:38.129426,1,SKU0017,77,10
702,2025-07-27 09:58:38.129426,1,SKU0018,13,10
703,2025-07-27 09:58:38.129426,1,SKU0019,97,10
704,2025-07-27 09:58:38.129426,2,SKU0001,43,10
705,2025-07-27 09:58:38.129426,2,SKU0002,53,10
706,2025-07-27 09:58:38.129426,2,SKU0003,69,10
707,2025-07-27 09:58:38.129426,2,SKU0004,54,10
708,2025-07-27 09:58:38.129426,2,SKU0005,60,10
709,2025-07-27 09:58:38.129426,2,SKU0006,57,10
710,2025-07-27 09:58:38.129426,2,SKU0007,6,10
711,2025-07-27 09:58:38.129426,2,SKU0008,60,10
712,2025-07-27 09:58:38.129426,2,SKU0009,48,10
713,2025-07-27 09:58:38.129426,2,SKU0010,10,10
714,2025-07-27 09:58:38.129426,2,SKU0011,39,10
715,2025-07-27 09:58:38.129426,2,SKU0012,15,10
716,2025-07-27 09:58:38.129426,2,SKU0013,40,10
717,2025-07-27 09:58:38.129426,2,SKU0014,40,10
718,2025-07-27 09:58:38.129426,2,SKU0015,0,10
719,2025-07-27 09:58:38.129426,2,SKU0016,56,10
720,2025-07-27 09:58:38.129426,2,SKU0017,67,10
721,2025-07-27 09:58:38.129426,2,SKU0018,55,10
722,2025-07-27 09:58:38.129426,2,SKU0019,67,10
723,2025-07-27 09:58:38.129426,3,SKU0001,36,10
724,2025-07-27 09:58:38.129426,3,SKU0002,49,10
725,2025-07-27 09:58:38.129426,3,SKU0003,70,10
726,2025-07-27 09:58:38.129426,3,SKU0004,5,10
727,2025-07-27 09:58:38.129426,3,SKU0005,57,10
728,2025-07-27 09:58:38.129426,3,SKU0006,46,10
729,2025-07-27 09:58:38.129426,3,SKU0007,79,10
730,2025-07-27 09:58:38.129426,3,SKU0008,88,10
731,2025-07-27 09:58:38.129426,3,SKU0009,58,10
732,2025-07-27 09:58:38.129426,3,SKU0010,12,10
733,2025-07-27 09:58:38.129426,3,SKU0011,30,10
734,2025-07-27 09:58:38.129426,3,SKU0012,37,10
735,2025-07-27 09:58:38.129426,3,SKU0013,30,10
736,2025-07-27 09:58:38.129426,3,SKU0014,43,10
737,2025-07-27 09:58:38.129426,3,SKU0015,31,10
738,2025-07-27 09:58:38.129426,3,SKU0016,45,10
739,2025-07-27 09:58:38.129426,3,SKU0017,3,10
740,2025-07-27 09:58:38.129426,3,SKU0018,32,10
741,2025-07-27 09:58:38.129426,3,SKU0019,95,10
742,2025-07-28 09:58:38.129426,1,SKU0001,87,10
743,2025-07-28 09:58:38.129426,1,SKU0002,73,10
744,2025-07-28 09:58:38.129426,1,SKU0003,66,10
745,2025-07-28 09:58:38.129426,1,SKU0004,0,10
746,2025-07-28 09:58:38.129426,1,SKU0005,89,10
747,2025-07-28 09:58:38.129426,1,SKU0006,37,10
748,2025-07-28 09:58:38.129426,1,SKU0007,8,10
749,2025-07-28 09:58:38.129426,1,SKU0008,28,10
750,2025-07-28 09:58:38.129426,1,SKU0009,48,10
751,2025-07-28 09:58:38.129426,1,SKU0010,25,10
752,2025-07-28 09:58:38.129426,1,SKU0011,73,10
753,2025-07-28 09:58:38.129426,1,SKU0012,98,10
754,2025-07-28 09:58:38.129426,1,SKU0013,56,10
755,2025-07-28 09:58:38.129426,1,SKU0014,1,10
756,2025-07-28 09:58:38.129426,1,SKU0015,68,10
757,2025-07-28 09:58:38.129426,1,SKU0016,63,10
758,2025-07-28 09:58:38.129426,1,SKU0017,14,10
759,2025-07-28 09:58:38.129426,1,SKU0018,15,10
760,2025-07-28 09:58:38.129426,1,SKU0019,74,10
761,2025-07-28 09:58:38.129426,2,SKU0001,97,10
762,2025-07-28 09:58:38.129426,2,SKU0002,49,10
763,2025-07-28 09:58:38.129426,2,SKU0003,33,10
764,2025-07-28 09:58:38.129426,2,SKU0004,75,10
765,2025-07-28 09:58:38.129426,2,SKU0005,42,10
766,2025-07-28 09:58:38.129426,2,SKU0006,15,10
767,2025-07-28 09:58:38.129426,2,SKU0007,57,10
768,2025-07-28 09:58:38.129426,2,SKU0008,1,10
769,2025-07-28 09:58:38.129426,2,SKU0009,46,10
770,2025-07-28 09:58:38.129426,2,SKU0010,92,10
771,2025-07-28 09:58:38.129426,2,SKU0011,51,10
772,2025-07-28 09:58:38.129426,2,SKU0012,83,10
773,2025-07-28 09:58:38.129426,2,SKU0013,8,10
774,2025-07-28 09:58:38.129426,2,SKU0014,24,10
775,2025-07-28 09:58:38.129426,2,SKU0015,70,10
776,2025-07-28 09:58:38.129426,2,SKU0016,69,10
777,2025-07-28 09:58:38.129426,2,SKU0017,50,10
778,2025-07-28 09:58:38.129426,2,SKU0018,5,10
779,2025-07-28 09:58:38.129426,2,SKU0019,68,10
780,2025-07-28 09:58:38.129426,3,SKU0001,96,10
781,2025-07-28 09:58:38.129426,3,SKU0002,1,10
782,2025-07-28 09:58:38.129426,3,SKU0003,4,10
783,2025-07-28 09:58:38.129426,3,SKU0004,44,10
784,2025-07-28 09:58:38.129426,3,SKU0005,50,10
785,2025-07-28 09:58:38.129426,3,SKU0006,13,10
786,2025-07-28 09:58:38.129426,3,SKU0007,81,10
787,2025-07-28 09:58:38.129426,3,SKU0008,43,10
788,2025-07-28 09:58:38.129426,3,SKU0009,64,10
789,2025-07-28 09:58:38.129426,3,SKU0010,14,10
790,2025-07-28 09:58:38.129426,3,SKU0011,57,10
791,2025-07-28 09:58:38.129426,3,SKU0012,48,10
792,2025-07-28 09:58:38.129426,3,SKU0013,58,10
793,2025-07-28 09:58:38.129426,3,SKU0014,81,10
794,2025-07-28 09:58:38.129426,3,SKU0015,79,10
795,2025-07-28 09:58:38.129426,3,SKU0016,97,10
796,2025-07-28 09:58:38.129426,3,SKU0017,60,10
797,2025-07-28 09:58:38.129426,3,SKU0018,81,10
798,2025-07-28 09:58:38.129426,3,SKU0019,12,10
799,2025-07-29 09:58:38.129426,1,SKU0001,66,10
800,2025-07-29 09:58:38.129426,1,SKU0002,38,10
801,2025-07-29 09:58:38.129426,1,SKU0003,77,10
802,2025-07-29 09:58:38.129426,1,SKU0004,31,10
803,2025-07-29 09:58:38.129426,1,SKU0005,63,10
804,2025-07-29 09:58:38.129426,1,SKU0006,14,10
805,2025-07-29 09:58:38.129426,1,SKU0007,95,10
806,2025-07-29 09:58:38.129426,1,SKU0008,61,10
807,2025-07-29 09:58:38.129426,1,SKU0009,95,10
808,2025-07-29 09:58:38.129426,1,SKU0010,68,10
809,2025-07-29 09:58:38.129426,1,SKU0011,15,10
810,2025-07-29 09:58:38.129426,1,SKU0012,97,10
811,2025-07-29 09:58:38.129426,1,SKU0013,62,10
812,2025-07-29 09:58:38.129426,1,SKU0014,35,10
813,2025-07-29 09:58:38.129426,1,SKU0015,47,10
814,2025-07-29 09:58:38.129426,1,SKU0016,14,10
815,2025-07-29 09:58:38.129426,1,SKU0017,35,10
816,2025-07-29 09:58:38.129426,1,SKU0018,62,10
817,2025-07-29 09:58:38.129426,1,SKU0019,85,10
818,2025-07-29 09:58:38.129426,2,SKU0001,63,10
819,2025-07-29 09:58:38.129426,2,SKU0002,32,10
820,2025-07-29 09:58:38.129426,2,SKU0003,44,10
821,2025-07-29 09:58:38.129426,2,SKU0004,31,10
822,2025-07-29 09:58:38.129426,2,SKU0005,59,10
823,2025-07-29 09:58:38.129426,2,SKU0006,83,10
824,2025-07-29 09:58:38.129426,2,SKU0007,27,10
825,2025-07-29 09:58:38.129426,2,SKU0008,76,10
826,2025-07-29 09:58:38.129426,2,SKU0009,9,10
827,2025-07-29 09:58:38.129426,2,SKU0010,17,10
828,2025-07-29 09:58:38.129426,2,SKU0011,71,10
829,2025-07-29 09:58:38.129426,2,SKU0012,98,10
830,2025-07-29 09:58:38.129426,2,SKU0013,25,10
831,2025-07-29 09:58:38.129426,2,SKU0014,49,10
832,2025-07-29 09:58:38.129426,2,SKU0015,19,10
833,2025-07-29 09:58:38.129426,2,SKU0016,97,10
834,2025-07-29 09:58:38.129426,2,SKU0017,14,10
835,2025-07-29 09:58:38.129426,2,SKU0018,89,10
836,2025-07-29 09:58:38.129426,2,SKU0019,37,10
837,2025-07-29 09:58:38.129426,3,SKU0001,84,10
838,2025-07-29 09:58:38.129426,3,SKU0002,24,10
839,2025-07-29 09:58:38.129426,3,SKU0003,39,10
840,2025-07-29 09:58:38.129426,3,SKU0004,100,10
841,2025-07-29 09:58:38.129426,3,SKU0005,13,10
842,2025-07-29 09:58:38.129426,3,SKU0006,77,10
843,2025-07-29 09:58:38.129426,3,SKU0007,36,10
844,2025-07-29 09:58:38.129426,3,SKU0008,59,10
845,2025-07-29 09:58:38.129426,3,SKU0009,12,10
846,2025-07-29 09:58:38.129426,3,SKU0010,62,10
847,2025-07-29 09:58:38.129426,3,SKU0011,21,10
848,2025-07-29 09:58:38.129426,3,SKU0012,93,10
849,2025-07-29 09:58:38.129426,3,SKU0013,24,10
850,2025-07-29 09:58:38.129426,3,SKU0014,44,10
851,2025-07-29 09:58:38.129426,3,SKU0015,74,10
852,2025-07-29 09:58:38.129426,3,SKU0016,64,10
853,2025-07-29 09:58:38.129426,3,SKU0017,7,10
854,2025-07-29 09:58:38.129426,3,SKU0018,26,10
855,2025-07-29 09:58:38.129426,3,SKU0019,87,10
856,2025-07-30 09:58:38.129426,1,SKU0001,100,10
857,2025-07-30 09:58:38.129426,1,SKU0002,51,10
858,2025-07-30 09:58:38.129426,1,SKU0003,23,10
859,2025-07-30 09:58:38.129426,1,SKU0004,62,10
860,2025-07-30 09:58:38.129426,1,SKU0005,71,10
861,2025-07-30 09:58:38.129426,1,SKU0006,95,10
862,2025-07-30 09:58:38.129426,1,SKU0007,56,10
863,2025-07-30 09:58:38.129426,1,SKU0008,72,10
864,2025-07-30 09:58:38.129426,1,SKU0009,88,10
865,2025-07-30 09:58:38.129426,1,SKU0010,70,10
866,2025-07-30 09:58:38.129426,1,SKU0011,62,10
867,2025-07-30 09:58:38.129426,1,SKU0012,38,10
868,2025-07-30 09:58:38.129426,1,SKU0013,61,10
869,2025-07-30 09:58:38.129426,1,SKU0014,20,10
870,2025-07-30 09:58:38.129426,1,SKU0015,31,10
871,2025-07-30 09:58:38.129426,1,SKU0016,10,10
872,2025-07-30 09:58:38.129426,1,SKU0017,76,10
873,2025-07-30 09:58:38.129426,1,SKU0018,93,10
874,2025-07-30 09:58:38.129426,1,SKU0019,4,10
875,2025-07-30 09:58:38.129426,2,SKU0001,43,10
876,2025-07-30 09:58:38.129426,2,SKU0002,13,10
877,2025-07-30 09:58:38.129426,2,SKU0003,31,10
878,2025-07-30 09:58:38.129426,2,SKU0004,47,10
879,2025-07-30 09:58:38.129426,2,SKU0005,28,10
880,2025-07-30 09:58:38.129426,2,SKU0006,72,10
881,2025-07-30 09:58:38.129426,2,SKU0007,37,10
882,2025-07-30 09:58:38.129426,2,SKU0008,97,10
883,2025-07-30 09:58:38.129426,2,SKU0009,97,10
884,2025-07-30 09:58:38.129426,2,SKU0010,88,10
885,2025-07-30 09:58:38.129426,2,SKU0011,44,10
886,2025-07-30 09:58:38.129426,2,SKU0012,53,10
887,2025-07-30 09:58:38.129426,2,SKU0013,34,10
888,2025-07-30 09:58:38.129426,2,SKU0014,83,10
889,2025-07-30 09:58:38.129426,2,SKU0015,36,10
890,2025-07-30 09:58:38.129426,2,SKU0016,2,10
891,2025-07-30 09:58:38.129426,2,SKU0017,17,10
892,2025-07-30 09:58:38.129426,2,SKU0018,41,10
893,2025-07-30 09:58:38.129426,2,SKU0019,37,10
894,2025-07-30 09:58:38.129426,3,SKU0001,26,10
895,2025-07-30 09:58:38.129426,3,SKU0002,87,10
896,2025-07-30 09:58:38.129426,3,SKU0003,51,10
897,2025-07-30 09:58:38.129426,3,SKU0004,55,10
898,2025-07-30 09:58:38.129426,3,SKU0005,31,10
899,2025-07-30 09:58:38.129426,3,SKU0006,24,10
900,2025-07-30 09:58:38.129426,3,SKU0007,35,10
901,2025-07-30 09:58:38.129426,3,SKU0008,81,10
902,2025-07-30 09:58:38.129426,3,SKU0009,76,10
903,2025-07-30 09:58:38.129426,3,SKU0010,31,10
904,2025-07-30 09:58:38.129426,3,SKU0011,66,10
905,2025-07-30 09:58:38.129426,3,SKU0012,52,10
906,2025-07-30 09:58:38.129426,3,SKU0013,35,10
907,2025-07-30 09:58:38.129426,3,SKU0014,66,10
908,2025-07-30 09:58:38.129426,3,SKU0015,1,10
909,2025-07-30 09:58:38.129426,3,SKU0016,92,10
910,2025-07-30 09:58:38.129426,3,SKU0017,72,10
911,2025-07-30 09:58:38.129426,3,SKU0018,52,10
912,2025-07-30 09:58:38.129426,3,SKU0019,36,10
913,2025-07-31 09:58:38.129426,1,SKU0001,35,10
914,2025-07-31 09:58:38.129426,1,SKU0002,1,10
915,2025-07-31 09:58:38.129426,1,SKU0003,23,10
916,2025-07-31 09:58:38.129426,1,SKU0004,90,10
917,2025-07-31 09:58:38.129426,1,SKU0005,14,10
918,2025-07-31 09:58:38.129426,1,SKU0006,17,10
919,2025-07-31 09:58:38.129426,1,SKU0007,40,10
920,2025-07-31 09:58:38.129426,1,SKU0008,41,10
921,2025-07-31 09:58:38.129426,1,SKU0009,8,10
922,2025-07-31 09:58:38.129426,1,SKU0010,96,10
923,2025-07-31 09:58:38.129426,1,SKU0011,75,10
924,2025-07-31 09:58:38.129426,1,SKU0012,22,10
925,2025-07-31 09:58:38.129426,1,SKU0013,80,10
926,2025-07-31 09:58:38.129426,1,SKU0014,35,10
927,2025-07-31 09:58:38.129426,1,SKU0015,61,10
928,2025-07-31 09:58:38.129426,1,SKU0016,25,10
929,2025-07-31 09:58:38.129426,1,SKU0017,62,10
930,2025-07-31 09:58:38.129426,1,SKU0018,16,10
931,2025-07-31 09:58:38.129426,1,SKU0019,31,10
932,2025-07-31 09:58:38.129426,2,SKU0001,66,10
933,2025-07-31 09:58:38.129426,2,SKU0002,33,10
934,2025-07-31 09:58:38.129426,2,SKU0003,36,10
935,2025-07-31 09:58:38.129426,2,SKU0004,13,10
936,2025-07-31 09:58:38.129426,2,SKU0005,31,10
937,2025-07-31 09:58:38.129426,2,SKU0006,99,10
938,2025-07-31 09:58:38.129426,2,SKU0007,82,10
939,2025-07-31 09:58:38.129426,2,SKU0008,48,10
940,2025-07-31 09:58:38.129426,2,SKU0009,86,10
941,2025-07-31 09:58:38.129426,2,SKU0010,94,10
942,2025-07-31 09:58:38.129426,2,SKU0011,66,10
943,2025-07-31 09:58:38.129426,2,SKU0012,70,10
944,2025-07-31 09:58:38.129426,2,SKU0013,79,10
945,2025-07-31 09:58:38.129426,2,SKU0014,80,10
946,2025-07-31 09:58:38.129426,2,SKU0015,37,10
947,2025-07-31 09:58:38.129426,2,SKU0016,10,10
948,2025-07-31 09:58:38.129426,2,SKU0017,47,10
949,2025-07-31 09:58:38.129426,2,SKU0018,7,10
950,2025-07-31 09:58:38.129426,2,SKU0019,99,10
951,2025-07-31 09:58:38.129426,3,SKU0001,78,10
952,2025-07-31 09:58:38.129426,3,SKU0002,81,10
953,2025-07-31 09:58:38.129426,3,SKU0003,89,10
954,2025-07-31 09:58:38.129426,3,SKU0004,71,10
955,2025-07-31 09:58:38.129426,3,SKU0005,15,10
956,2025-07-31 09:58:38.129426,3,SKU0006,95,10
957,2025-07-31 09:58:38.129426,3,SKU0007,30,10
958,2025-07-31 09:58:38.129426,3,SKU0008,45,10
959,2025-07-31 09:58:38.129426,3,SKU0009,84,10
960,2025-07-31 09:58:38.129426,3,SKU0010,40,10
961,2025-07-31 09:58:38.129426,3,SKU0011,81,10
962,2025-07-31 09:58:38.129426,3,SKU0012,15,10
963,2025-07-31 09:58:38.129426,3,SKU0013,69,10
964,2025-07-31 09:58:38.129426,3,SKU0014,93,10
965,2025-07-31 09:58:38.129426,3,SKU0015,14,10
966,2025-07-31 09:58:38.129426,3,SKU0016,98,10
967,2025-07-31 09:58:38.129426,3,SKU0017,34,10
968,2025-07-31 09:58:38.129426,3,SKU0018,70,10
969,2025-07-31 09:58:38.129426,3,SKU0019,13,10
970,2025-08-01 09:58:38.129426,1,SKU0001,13,10
971,2025-08-01 09:58:38.129426,1,SKU0002,48,10
972,2025-08-01 09:58:38.129426,1,SKU0003,55,10
973,2025-08-01 09:58:38.129426,1,SKU0004,54,10
974,2025-08-01 09:58:38.129426,1,SKU0005,49,10
975,2025-08-01 09:58:38.129426,1,SKU0006,28,10
976,2025-08-01 09:58:38.129426,1,SKU0007,28,10
977,2025-08-01 09:58:38.129426,1,SKU0008,32,10
978,2025-08-01 09:58:38.129426,1,SKU0009,93,10
979,2025-08-01 09:58:38.129426,1,SKU0010,6,10
980,2025-08-01 09:58:38.129426,1,SKU0011,11,10
981,2025-08-01 09:58:38.129426,1,SKU0012,85,10
982,2025-08-01 09:58:38.129426,1,SKU0013,57,10
983,2025-08-01 09:58:38.129426,1,SKU0014,59,10
984,2025-08-01 09:58:38.129426,1,SKU0015,4,10
985,2025-08-01 09:58:38.129426,1,SKU0016,96,10
986,2025-08-01 09:58:38.129426,1,SKU0017,40,10
987,2025-08-01 09:58:38.129426,1,SKU0018,32,10
988,2025-08-01 09:58:38.129426,1,SKU0019,74,10
989,2025-08-01 09:58:38.129426,2,SKU0001,49,10
990,2025-08-01 09:58:38.129426,2,SKU0002,11,10
991,2025-08-01 09:58:38.129426,2,SKU0003,66,10
992,2025-08-01 09:58:38.129426,2,SKU0004,89,10
993,2025-08-01 09:58:38.129426,2,SKU0005,35,10
994,2025-08-01 09:58:38.129426,2,SKU0006,91,10
995,2025-08-01 09:58:38.129426,2,SKU0007,24,10
996,2025-08-01 09:58:38.129426,2,SKU0008,80,10
997,2025-08-01 09:58:38.129426,2,SKU0009,0,10
998,2025-08-01 09:58:38.129426,2,SKU0010,31,10
999,2025-08-01 09:58:38.129426,2,SKU0011,16,10
1000,2025-08-01 09:58:38.129426,2,SKU0012,33,10
1001,2025-08-01 09:58:38.129426,2,SKU0013,27,10
1002,2025-08-01 09:58:38.129426,2,SKU0014,94,10
1003,2025-08-01 09:58:38.129426,2,SKU0015,40,10
1004,2025-08-01 09:58:38.129426,2,SKU0016,83,10
1005,2025-08-01 09:58:38.129426,2,SKU0017,36,10
1006,2025-08-01 09:58:38.129426,2,SKU0018,59,10
1007,2025-08-01 09:58:38.129426,2,SKU0019,3,10
1008,2025-08-01 09:58:38.129426,3,SKU0001,33,10
1009,2025-08-01 09:58:38.129426,3,SKU0002,68,10
1010,2025-08-01 09:58:38.129426,3,SKU0003,80,10
1011,2025-08-01 09:58:38.129426,3,SKU0004,62,10
1012,2025-08-01 09:58:38.129426,3,SKU0005,93,10
1013,2025-08-01 09:58:38.129426,3,SKU0006,9,10
1014,2025-08-01 09:58:38.129426,3,SKU0007,43,10
1015,2025-08-01 09:58:38.129426,3,SKU0008,13,10
1016,2025-08-01 09:58:38.129426,3,SKU0009,59,10
1017,2025-08-01 09:58:38.129426,3,SKU0010,74,10
1018,2025-08-01 09:58:38.129426,3,SKU0011,27,10
1019,2025-08-01 09:58:38.129426,3,SKU0012,29,10
1020,2025-08-01 09:58:38.129426,3,SKU0013,28,10
1021,2025-08-01 09:58:38.129426,3,SKU0014,65,10
1022,2025-08-01 09:58:38.129426,3,SKU0015,6,10
1023,2025-08-01 09:58:38.129426,3,SKU0016,42,10
1024,2025-08-01 09:58:38.129426,3,SKU0017,53,10
1025,2025-08-01 09:58:38.129426,3,SKU0018,47,10
1026,2025-08-01 09:58:38.129426,3,SKU0019,85,10
1027,2025-08-02 09:58:38.129426,1,SKU0001,67,10
1028,2025-08-02 09:58:38.129426,1,SKU0002,82,10
1029,2025-08-02 09:58:38.129426,1,SKU0003,9,10
1030,2025-08-02 09:58:38.129426,1,SKU0004,44,10
1031,2025-08-02 09:58:38.129426,1,SKU0005,74,10
1032,2025-08-02 09:58:38.129426,1,SKU0006,57,10
1033,2025-08-02 09:58:38.129426,1,SKU0007,43,10
1034,2025-08-02 09:58:38.129426,1,SKU0008,88,10
1035,2025-08-02 09:58:38.129426,1,SKU0009,99,10
1036,2025-08-02 09:58:38.129426,1,SKU0010,49,10
1037,2025-08-02 09:58:38.129426,1,SKU0011,9,10
1038,2025-08-02 09:58:38.129426,1,SKU0012,86,10
1039,2025-08-02 09:58:38.129426,1,SKU0013,86,10
1040,2025-08-02 09:58:38.129426,1,SKU0014,86,10
1041,2025-08-02 09:58:38.129426,1,SKU0015,63,10
1042,2025-08-02 09:58:38.129426,1,SKU0016,79,10
1043,2025-08-02 09:58:38.129426,1,SKU0017,94,10
1044,2025-08-02 09:58:38.129426,1,SKU0018,67,10
1045,2025-08-02 09:58:38.129426,1,SKU0019,31,10
1046,2025-08-02 09:58:38.129426,2,SKU0001,79,10
1047,2025-08-02 09:58:38.129426,2,SKU0002,44,10
1048,2025-08-02 09:58:38.129426,2,SKU0003,33,10
1049,2025-08-02 09:58:38.129426,2,SKU0004,45,10
1050,2025-08-02 09:58:38.129426,2,SKU0005,76,10
1051,2025-08-02 09:58:38.129426,2,SKU0006,90,10
1052,2025-08-02 09:58:38.129426,2,SKU0007,12,10
1053,2025-08-02 09:58:38.129426,2,SKU0008,96,10
1054,2025-08-02 09:58:38.129426,2,SKU0009,64,10
1055,2025-08-02 09:58:38.129426,2,SKU0010,78,10
1056,2025-08-02 09:58:38.129426,2,SKU0011,61,10
1057,2025-08-02 09:58:38.129426,2,SKU0012,36,10
1058,2025-08-02 09:58:38.129426,2,SKU0013,69,10
1059,2025-08-02 09:58:38.129426,2,SKU0014,47,10
1060,2025-08-02 09:58:38.129426,2,SKU0015,63,10
1061,2025-08-02 09:58:38.129426,2,SKU0016,79,10
1062,2025-08-02 09:58:38.129426,2,SKU0017,6,10
1063,2025-08-02 09:58:38.129426,2,SKU0018,91,10
1064,2025-08-02 09:58:38.129426,2,SKU0019,85,10
1065,2025-08-02 09:58:38.129426,3,SKU0001,32,10
1066,2025-08-02 09:58:38.129426,3,SKU0002,17,10
1067,2025-08-02 09:58:38.129426,3,SKU0003,4,10
1068,2025-08-02 09:58:38.129426,3,SKU0004,3,10
1069,2025-08-02 09:58:38.129426,3,SKU0005,41,10
1070,2025-08-02 09:58:38.129426,3,SKU0006,10,10
1071,2025-08-02 09:58:38.129426,3,SKU0007,4,10
1072,2025-08-02 09:58:38.129426,3,SKU0008,32,10
1073,2025-08-02 09:58:38.129426,3,SKU0009,45,10
1074,2025-08-02 09:58:38.129426,3,SKU0010,84,10
1075,2025-08-02 09:58:38.129426,3,SKU0011,56,10
1076,2025-08-02 09:58:38.129426,3,SKU0012,1,10
1077,2025-08-02 09:58:38.129426,3,SKU0013,73,10
1078,2025-08-02 09:58:38.129426,3,SKU0014,58,10
1079,2025-08-02 09:58:38.129426,3,SKU0015,78,10
1080,2025-08-02 09:58:38.129426,3,SKU0016,48,10
1081,2025-08-02 09:58:38.129426,3,SKU0017,85,10
1082,2025-08-02 09:58:38.129426,3,SKU0018,16,10
1083,2025-08-02 09:58:38.129426,3,SKU0019,67,10
1084,2025-08-03 09:58:38.129426,1,SKU0001,82,10
1085,2025-08-03 09:58:38.129426,1,SKU0002,64,10
1086,2025-08-03 09:58:38.129426,1,SKU0003,56,10
1087,2025-08-03 09:58:38.129426,1,SKU0004,9,10
1088,2025-08-03 09:58:38.129426,1,SKU0005,14,10
1089,2025-08-03 09:58:38.129426,1,SKU0006,4,10
1090,2025-08-03 09:58:38.129426,1,SKU0007,53,10
1091,2025-08-03 09:58:38.129426,1,SKU0008,74,10
1092,2025-08-03 09:58:38.129426,1,SKU0009,43,10
1093,2025-08-03 09:58:38.129426,1,SKU0010,14,10
1094,2025-08-03 09:58:38.129426,1,SKU0011,69,10
1095,2025-08-03 09:58:38.129426,1,SKU0012,26,10
1096,2025-08-03 09:58:38.129426,1,SKU0013,7,10
1097,2025-08-03 09:58:38.129426,1,SKU0014,9,10
1098,2025-08-03 09:58:38.129426,1,SKU0015,53,10
1099,2025-08-03 09:58:38.129426,1,SKU0016,16,10
1100,2025-08-03 09:58:38.129426,1,SKU0017,2,10
1101,2025-08-03 09:58:38.129426,1,SKU0018,2,10
1102,2025-08-03 09:58:38.129426,1,SKU0019,74,10
1103,2025-08-03 09:58:38.129426,2,SKU0001,4,10
1104,2025-08-03 09:58:38.129426,2,SKU0002,6,10
1105,2025-08-03 09:58:38.129426,2,SKU0003,55,10
1106,2025-08-03 09:58:38.129426,2,SKU0004,93,10
1107,2025-08-03 09:58:38.129426,2,SKU0005,83,10
1108,2025-08-03 09:58:38.129426,2,SKU0006,27,10
1109,2025-08-03 09:58:38.129426,2,SKU0007,84,10
1110,2025-08-03 09:58:38.129426,2,SKU0008,97,10
1111,2025-08-03 09:58:38.129426,2,SKU0009,81,10
1112,2025-08-03 09:58:38.129426,2,SKU0010,21,10
1113,2025-08-03 09:58:38.129426,2,SKU0011,56,10
1114,2025-08-03 09:58:38.129426,2,SKU0012,27,10
1115,2025-08-03 09:58:38.129426,2,SKU0013,72,10
1116,2025-08-03 09:58:38.129426,2,SKU0014,22,10
1117,2025-08-03 09:58:38.129426,2,SKU0015,53,10
1118,2025-08-03 09:58:38.129426,2,SKU0016,37,10
1119,2025-08-03 09:58:38.129426,2,SKU0017,4,10
1120,2025-08-03 09:58:38.129426,2,SKU0018,32,10
1121,2025-08-03 09:58:38.129426,2,SKU0019,97,10
1122,2025-08-03 09:58:38.129426,3,SKU0001,97,10
1123,2025-08-03 09:58:38.129426,3,SKU0002,58,10
1124,2025-08-03 09:58:38.129426,3,SKU0003,20,10
1125,2025-08-03 09:58:38.129426,3,SKU0004,16,10
1126,2025-08-03 09:58:38.129426,3,SKU0005,75,10
1127,2025-08-03 09:58:38.129426,3,SKU0006,78,10
1128,2025-08-03 09:58:38.129426,3,SKU0007,9,10
1129,2025-08-03 09:58:38.129426,3,SKU0008,7,10
1130,2025-08-03 09:58:38.129426,3,SKU0009,91,10
1131,2025-08-03 09:58:38.129426,3,SKU0010,75,10
1132,2025-08-03 09:58:38.129426,3,SKU0011,78,10
1133,2025-08-03 09:58:38.129426,3,SKU0012,29,10
1134,2025-08-03 09:58:38.129426,3,SKU0013,10,10
1135,2025-08-03 09:58:38.129426,3,SKU0014,54,10
1136,2025-08-03 09:58:38.129426,3,SKU0015,71,10
1137,2025-08-03 09:58:38.129426,3,SKU0016,45,10
1138,2025-08-03 09:58:38.129426,3,SKU0017,6,10
1139,2025-08-03 09:58:38.129426,3,SKU0018,80,10
1140,2025-08-03 09:58:38.129426,3,SKU0019,8,10
